block_time,block_number,block_timestamp,price
2021-02-13 19:49:58,11850000,1613242198,1803.6564304400001
2021-02-13 23:39:12,11851000,1613255952,1803.6564304400001
2021-02-14 03:11:12,11852000,1613268672,1803.6564304400001
2021-02-14 06:39:51,11853000,1613281191,1803.6564304400001
2021-02-14 10:28:03,11854000,1613294883,1803.6564304400001
2021-02-14 14:08:17,11855000,1613308097,1803.6564304400001
2021-02-14 17:52:45,11856000,1613321565,1803.6564304400001
2021-02-14 21:29:43,11857000,1613334583,1803.6564304400001
2021-02-15 01:10:54,11858000,1613347854,1803.6564304400001
2021-02-15 04:56:19,11859000,1613361379,1803.6564304400001
2021-02-15 08:30:52,11860000,1613374252,1803.6564304400001
2021-02-15 12:11:52,11861000,1613387512,1803.6564304400001
2021-02-15 15:53:07,11862000,1613400787,1805.7927351300002
2021-02-15 19:28:33,11863000,1613413713,1825.8871444100002
2021-02-15 23:20:39,11864000,1613427639,1832.9977334600003
2021-02-16 03:02:25,11865000,1613440945,1795.4046933000002
2021-02-16 06:50:03,11866000,1613454603,1816.15
2021-02-16 10:25:45,11867000,1613467545,1797.0542680300002
2021-02-16 14:04:38,11868000,1613480678,1801.88834416
2021-02-16 17:41:35,11869000,1613493695,1777.6981574800002
2021-02-16 21:24:35,11870000,1613507075,1746.68932554
2021-02-17 01:17:33,11871000,1613521053,1768.26
2021-02-17 04:57:49,11872000,1613534269,1771.3400000000001
2021-02-17 08:38:55,11873000,1613547535,1741.0300000000002
2021-02-17 12:08:34,11874000,1613560114,1793.9279158800002
2021-02-17 15:53:16,11875000,1613573596,1833.01
2021-02-17 19:32:47,11876000,1613586767,1813.4074594400001
2021-02-17 23:13:18,11877000,1613599998,1836.9115524700003
2021-02-18 03:00:41,11878000,1613613641,1843.8667406700001
2021-02-18 06:42:01,11879000,1613626921,1893.53376984
2021-02-18 10:30:35,11880000,1613640635,1898.3128852100003
2021-02-18 13:58:50,11881000,1613653130,1901.06
2021-02-18 17:52:00,11882000,1613667120,1915.7622898500001
2021-02-18 21:39:50,11883000,1613680790,1923.3783338000003
2021-02-19 01:16:04,11884000,1613693764,1937.0227920800003
2021-02-19 04:54:43,11885000,1613706883,1915.8741526600002
2021-02-19 08:34:52,11886000,1613720092,1910.18
2021-02-19 12:11:17,11887000,1613733077,1931.18364801
2021-02-19 15:52:55,11888000,1613746375,1931.1740526800002
2021-02-19 19:33:00,11889000,1613759580,1955.09007789
2021-02-19 23:12:52,11890000,1613772772,1960.31020766
2021-02-20 02:48:50,11891000,1613785730,1960.9968180700002
2021-02-20 06:35:40,11892000,1613799340,1975.3208183
2021-02-20 10:18:21,11893000,1613812701,2022.80532147
2021-02-20 14:12:39,11894000,1613826759,2007.07120956
2021-02-20 17:56:05,11895000,1613840165,2018.2461933600002
2021-02-20 21:32:35,11896000,1613853155,1998.4687124900001
2021-02-21 01:00:40,11897000,1613865640,1977.1719009800001
2021-02-21 05:01:06,11898000,1613880066,1934.3532855500002
2021-02-21 08:44:05,11899000,1613893445,1941.22619008
2021-02-21 12:32:58,11900000,1613907178,1939.2887340200002
2021-02-21 16:07:04,11901000,1613920024,1965.5323403700002
2021-02-21 19:46:33,11902000,1613933193,1952.79731369
2021-02-21 23:18:37,11903000,1613945917,1955.77223488
2021-02-22 02:56:20,11904000,1613958980,1936.74057941
2021-02-22 06:37:45,11905000,1613972265,1905.68380952
2021-02-22 10:27:26,11906000,1613986046,1874.4423541900003
2021-02-22 14:05:00,11907000,1613999100,1803.8148831800002
2021-02-22 17:45:04,11908000,1614012304,1628.70134316
2021-02-22 21:26:25,11909000,1614025585,1710.8000000000002
2021-02-23 01:06:08,11910000,1614038768,1794.64201094
2021-02-23 04:56:53,11911000,1614052613,1733.1542489300002
2021-02-23 08:41:21,11912000,1614066081,1608.53376651
2021-02-23 12:27:51,11913000,1614079671,1454.0594295800001
2021-02-23 16:05:34,11914000,1614092734,1473.9887672300001
2021-02-23 19:30:44,11915000,1614105044,1576.14309776
2021-02-23 23:07:44,11916000,1614118064,1460.00961127
2021-02-24 02:56:29,11917000,1614131789,1561.48692541
2021-02-24 06:31:41,11918000,1614144701,1636.21
2021-02-24 10:25:55,11919000,1614158755,1645.1360869300001
2021-02-24 14:04:59,11920000,1614171899,1686.4141871200002
2021-02-24 17:51:17,11921000,1614185477,1638.7860617000003
2021-02-24 21:36:00,11922000,1614198960,1656.4221533200002
2021-02-25 01:12:44,11923000,1614211964,1591.43200767
2021-02-25 04:53:25,11924000,1614225205,1651.5800000000002
2021-02-25 08:36:08,11925000,1614238568,1622.5228993
2021-02-25 12:13:59,11926000,1614251639,1604.32237743
2021-02-25 15:52:11,11927000,1614264731,1630.5389034700002
2021-02-25 19:41:03,11928000,1614278463,1632.8655975600002
2021-02-25 23:22:12,11929000,1614291732,1581.79072757
2021-02-26 03:01:14,11930000,1614304874,1479.22043463
2021-02-26 06:46:21,11931000,1614318381,1491.76683831
2021-02-26 10:25:48,11932000,1614331548,1465.32411742
2021-02-26 13:58:46,11933000,1614344326,1470.40465188
2021-02-26 17:44:16,11934000,1614357856,1497.19799121
2021-02-26 21:27:28,11935000,1614371248,1519.56178341
2021-02-27 00:58:35,11936000,1614383915,1460.6693030000001
2021-02-27 04:42:11,11937000,1614397331,1496.34057935
2021-02-27 08:27:13,11938000,1614410833,1501.8500000000001
2021-02-27 12:11:20,11939000,1614424280,1474.70098127
2021-02-27 15:54:25,11940000,1614437665,1464.34
2021-02-27 19:42:37,11941000,1614451357,1466.8477642400003
2021-02-27 23:19:05,11942000,1614464345,1508.98948315
2021-02-28 02:55:21,11943000,1614477321,1464.5616227700002
2021-02-28 06:33:03,11944000,1614490383,1379.17223956
2021-02-28 10:25:51,11945000,1614504351,1335.43215942
2021-02-28 14:07:54,11946000,1614517674,1374.8613826600001
2021-02-28 17:49:45,11947000,1614530985,1345.43
2021-02-28 21:35:45,11948000,1614544545,1356.4600000000003
2021-03-01 01:10:02,11949000,1614557402,1440.5420424500003
2021-03-01 04:49:55,11950000,1614570595,1442.80508489
2021-03-01 08:30:08,11951000,1614583808,1444.3800000000003
2021-03-01 12:12:17,11952000,1614597137,1494.0600000000002
2021-03-01 15:53:42,11953000,1614610422,1525.1802515400002
2021-03-01 19:45:54,11954000,1614624354,1550.5043661800003
2021-03-01 23:18:09,11955000,1614637089,1513.3144738500002
2021-03-02 03:05:21,11956000,1614650721,1570.5031655700002
2021-03-02 06:47:05,11957000,1614664025,1566.2661342200001
2021-03-02 10:23:00,11958000,1614676980,1541.6492644200002
2021-03-02 14:15:45,11959000,1614690945,1560.97901628
2021-03-02 17:47:28,11960000,1614703648,1586.8689305100002
2021-03-02 21:27:25,11961000,1614716845,1509.4778460500002
2021-03-03 01:03:52,11962000,1614729832,1468.5022306800001
2021-03-03 04:59:12,11963000,1614743952,1509.67211225
2021-03-03 08:45:57,11964000,1614757557,1542.11579505
2021-03-03 12:28:01,11965000,1614770881,1608.5425026
2021-03-03 16:01:13,11966000,1614783673,1606.4848599700001
2021-03-03 19:39:27,11967000,1614796767,1610.5900000000001
2021-03-03 23:30:39,11968000,1614810639,1595.7426321
2021-03-04 03:12:06,11969000,1614823926,1583.0395607700002
2021-03-04 06:50:41,11970000,1614837041,1559.6301759400003
2021-03-04 10:25:59,11971000,1614849959,1578.07139658
2021-03-04 14:14:43,11972000,1614863683,1557.89978941
2021-03-04 17:53:43,11973000,1614876823,1598.65
2021-03-04 21:39:32,11974000,1614890372,1534.5972173
2021-03-05 01:19:24,11975000,1614903564,1532.2910866000002
2021-03-05 05:00:53,11976000,1614916853,1469.78525259
2021-03-05 08:35:31,11977000,1614929731,1479.3814099800002
2021-03-05 12:23:07,11978000,1614943387,1460.6359305199999
2021-03-05 15:57:59,11979000,1614956279,1480.15784726
2021-03-05 19:35:59,11980000,1614969359,1462.2023288300002
2021-03-05 23:17:01,11981000,1614982621,1533.71815516
2021-03-06 03:01:40,11982000,1614996100,1539.05
2021-03-06 06:43:21,11983000,1615009401,1531.83865697
2021-03-06 10:17:00,11984000,1615022220,1579.2251878000002
2021-03-06 13:59:49,11985000,1615035589,1568.45838311
2021-03-06 17:33:56,11986000,1615048436,1542.17703781
2021-03-06 21:19:33,11987000,1615061973,1616.0863138600002
2021-03-07 01:00:34,11988000,1615075234,1648.38504542
2021-03-07 04:39:42,11989000,1615088382,1667.7584061900002
2021-03-07 08:27:56,11990000,1615102076,1663.9691714700002
2021-03-07 12:11:55,11991000,1615115515,1675.0962136500002
2021-03-07 15:49:45,11992000,1615128585,1662.8652479000002
2021-03-07 19:42:19,11993000,1615142539,1666.1712015
2021-03-07 23:13:48,11994000,1615155228,1642.15
2021-03-08 02:57:29,11995000,1615168649,1733.94693726
2021-03-08 06:32:40,11996000,1615181560,1723.61954962
2021-03-08 10:21:46,11997000,1615195306,1693.0457501900003
2021-03-08 13:56:35,11998000,1615208195,1712.6200000000003
2021-03-08 17:49:53,11999000,1615222193,1726.64035241
2021-03-08 21:20:16,12000000,1615234816,1745.07063616
2021-03-09 01:07:54,12001000,1615248474,1786.7071511200002
2021-03-09 04:51:46,12002000,1615261906,1843.5471180700001
2021-03-09 08:36:12,12003000,1615275372,1844.8600000000004
2021-03-09 12:17:43,12004000,1615288663,1829.62
2021-03-09 16:07:11,12005000,1615302431,1822.6635697100003
2021-03-09 19:45:01,12006000,1615315501,1819.7709580700002
2021-03-09 23:26:08,12007000,1615328768,1830.3600000000001
2021-03-10 03:16:18,12008000,1615342578,1869.88221225
2021-03-10 06:51:35,12009000,1615355495,1773.7606668500002
2021-03-10 10:29:05,12010000,1615368545,1813.94
2021-03-10 14:14:57,12011000,1615382097,1814.51826168
2021-03-10 17:56:23,12012000,1615395383,1836.8178571
2021-03-10 21:38:38,12013000,1615408718,1851.8828671
2021-03-11 01:13:06,12014000,1615421586,1827.17470632
2021-03-11 05:01:29,12015000,1615435289,1777.89102176
2021-03-11 08:45:52,12016000,1615448752,1778.98041949
2021-03-11 12:26:51,12017000,1615462011,1741.6873552700001
2021-03-11 16:08:18,12018000,1615475298,1776.08433794
2021-03-11 19:51:03,12019000,1615488663,1800.6583851100002
2021-03-11 23:40:38,12020000,1615502438,1809.5645544000001
2021-03-12 03:21:41,12021000,1615515701,1812.49199782
2021-03-12 07:00:53,12022000,1615528853,1813.3500000000001
2021-03-12 10:55:56,12023000,1615542956,1792.03556021
2021-03-12 14:44:07,12024000,1615556647,1789.17
2021-03-12 18:27:02,12025000,1615570022,1761.6574023100002
2021-03-12 22:01:49,12026000,1615582909,1782.0768617400001
2021-03-13 01:36:33,12027000,1615595793,1763.06
2021-03-13 05:29:00,12028000,1615609740,1741.92864916
2021-03-13 09:09:56,12029000,1615622996,1773.1441193000003
2021-03-13 12:40:00,12030000,1615635600,1787.1818737100002
2021-03-13 16:19:21,12031000,1615648761,1875.8475001800002
2021-03-13 20:00:18,12032000,1615662018,1882.1364998600002
2021-03-13 23:46:20,12033000,1615675580,1936.07454202
2021-03-14 03:29:14,12034000,1615688954,1916.8002819300002
2021-03-14 07:15:36,12035000,1615702536,1902.3845205600003
2021-03-14 10:55:29,12036000,1615715729,1894.6245544800001
2021-03-14 14:42:02,12037000,1615729322,1859.4662949700003
2021-03-14 18:21:31,12038000,1615742491,1858.13189842
2021-03-14 22:03:02,12039000,1615755782,1869.96716565
2021-03-15 01:33:07,12040000,1615768387,1867.40739047
2021-03-15 05:25:26,12041000,1615782326,1885.6700000000003
2021-03-15 09:13:42,12042000,1615796022,1804.34861409
2021-03-15 12:48:25,12043000,1615808905,1770.3637852100003
2021-03-15 16:33:47,12044000,1615822427,1789.82574803
2021-03-15 20:14:46,12045000,1615835686,1772.1443716900003
2021-03-15 23:53:20,12046000,1615848800,1801.1615912400002
2021-03-16 03:31:00,12047000,1615861860,1752.66507872
2021-03-16 07:16:56,12048000,1615875416,1756.97245875
2021-03-16 11:06:27,12049000,1615889187,1805.1100000000001
2021-03-16 14:49:57,12050000,1615902597,1794.15
2021-03-16 18:30:27,12051000,1615915827,1800.1518758100003
2021-03-16 21:59:02,12052000,1615928342,1777.2741989600001
2021-03-17 01:46:53,12053000,1615942013,1790.65502629
2021-03-17 05:27:35,12054000,1615955255,1775.95424363
2021-03-17 09:08:01,12055000,1615968481,1770.81572305
2021-03-17 12:49:28,12056000,1615981768,1784.7625515
2021-03-17 16:31:02,12057000,1615995062,1766.6987302400003
2021-03-17 20:16:07,12058000,1616008567,1790.72
2021-03-17 23:53:59,12059000,1616021639,1833.9900000000002
2021-03-18 03:38:46,12060000,1616035126,1819.6600000000003
2021-03-18 07:24:25,12061000,1616048665,1835.48
2021-03-18 11:08:29,12062000,1616062109,1824.3057120400001
2021-03-18 14:43:22,12063000,1616075002,1818.82341687
2021-03-18 18:25:54,12064000,1616088354,1792.30509381
2021-03-18 22:00:56,12065000,1616101256,1781.74702283
2021-03-19 01:44:54,12066000,1616114694,1787.2359004900002
2021-03-19 05:23:29,12067000,1616127809,1783.6661580100001
2021-03-19 09:04:19,12068000,1616141059,1793.36630282
2021-03-19 12:51:09,12069000,1616154669,1801.64
2021-03-19 16:21:07,12070000,1616167267,1814.38793243
2021-03-19 20:03:03,12071000,1616180583,1822.8662949800002
2021-03-19 23:56:49,12072000,1616194609,1822.9450988400001
2021-03-20 03:36:38,12073000,1616207798,1816.47841665
2021-03-20 07:08:53,12074000,1616220533,1830.2
2021-03-20 10:52:10,12075000,1616233930,1825.1338619
2021-03-20 14:40:36,12076000,1616247636,1842.3035177100003
2021-03-20 18:22:53,12077000,1616260973,1850.61146643
2021-03-20 21:58:17,12078000,1616273897,1851.5178507500002
2021-03-21 01:36:33,12079000,1616286993,1834.3869523800001
2021-03-21 05:23:48,12080000,1616300628,1782.44
2021-03-21 09:19:44,12081000,1616314784,1778.27159691
2021-03-21 12:57:25,12082000,1616327845,1765.9184191700003
2021-03-21 16:40:42,12083000,1616341242,1785.2971910400001
2021-03-21 20:16:44,12084000,1616354204,1783.1535219000002
2021-03-21 23:57:55,12085000,1616367475,1798.5765607600001
2021-03-22 03:45:23,12086000,1616381123,1778.62074577
2021-03-22 07:32:16,12087000,1616394736,1785.48
2021-03-22 11:09:03,12088000,1616407743,1783.2215993700001
2021-03-22 14:55:42,12089000,1616421342,1802.3158253200002
2021-03-22 18:35:06,12090000,1616434506,1781.5700000000002
2021-03-22 22:10:32,12091000,1616447432,1743.7463647200002
2021-03-23 01:54:32,12092000,1616460872,1689.7405487400001
2021-03-23 05:40:34,12093000,1616474434,1706.60714633
2021-03-23 09:19:21,12094000,1616487561,1667.73601856
2021-03-23 12:59:59,12095000,1616500799,1684.1657932100002
2021-03-23 16:35:55,12096000,1616513755,1708.01
2021-03-23 20:26:05,12097000,1616527565,1715.41
2021-03-24 00:06:52,12098000,1616540812,1700.8233937400003
2021-03-24 03:51:04,12099000,1616554264,1660.7943417100003
2021-03-24 07:34:20,12100000,1616567660,1683.4825173000002
2021-03-24 11:20:47,12101000,1616581247,1712.9400000000003
2021-03-24 15:07:02,12102000,1616594822,1712.8526796
2021-03-24 18:43:31,12103000,1616607811,1718.7100000000003
2021-03-24 22:27:23,12104000,1616621243,1611.22
2021-03-25 01:55:31,12105000,1616633731,1568.22285781
2021-03-25 05:44:35,12106000,1616647475,1575.8200000000002
2021-03-25 09:20:03,12107000,1616660403,1596.1100000000001
2021-03-25 13:08:34,12108000,1616674114,1612.20941631
2021-03-25 16:55:04,12109000,1616687704,1579.4089224000002
2021-03-25 20:31:04,12110000,1616700664,1593.68295814
2021-03-26 00:06:48,12111000,1616713608,1607.4
2021-03-26 03:51:09,12112000,1616727069,1600.5169445100003
2021-03-26 07:25:41,12113000,1616739941,1617.39
2021-03-26 11:10:57,12114000,1616753457,1635.11552578
2021-03-26 14:54:05,12115000,1616766845,1623.3522699300001
2021-03-26 18:31:27,12116000,1616779887,1644.96
2021-03-26 22:07:12,12117000,1616792832,1661.97539391
2021-03-27 01:46:55,12118000,1616806015,1687.4752425100003
2021-03-27 05:25:46,12119000,1616819146,1691.92932494
2021-03-27 09:13:39,12120000,1616832819,1702.8885902400002
2021-03-27 13:13:33,12121000,1616847213,1694.0400000000002
2021-03-27 16:50:53,12122000,1616860253,1678.97159314
2021-03-27 20:28:37,12123000,1616873317,1709.97
2021-03-28 00:03:38,12124000,1616886218,1716.41
2021-03-28 04:44:32,12125000,1616899472,1705.3799999999999
2021-03-28 08:32:33,12126000,1616913153,1712.6383201800002
2021-03-28 12:04:33,12127000,1616925873,1717.89885752
2021-03-28 15:54:53,12128000,1616939693,1712.1
2021-03-28 19:31:01,12129000,1616952661,1700.5571762900001
2021-03-28 23:11:38,12130000,1616965898,1670.4249604600002
2021-03-29 02:53:24,12131000,1616979204,1679.45
2021-03-29 06:36:52,12132000,1616992612,1688.69
2021-03-29 10:17:09,12133000,1617005829,1691.22
2021-03-29 13:56:34,12134000,1617018994,1739.0696024900003
2021-03-29 17:35:46,12135000,1617032146,1771.1344615400003
2021-03-29 21:22:04,12136000,1617045724,1831.27698065
2021-03-30 01:03:22,12137000,1617059002,1810.8294165500001
2021-03-30 04:48:47,12138000,1617072527,1812.76527144
2021-03-30 08:24:15,12139000,1617085455,1800.58
2021-03-30 12:10:55,12140000,1617099055,1815.9844514500003
2021-03-30 15:52:39,12141000,1617112359,1838.8986263600002
2021-03-30 19:37:38,12142000,1617125858,1837.69
2021-03-30 23:06:16,12143000,1617138376,1844.13623693
2021-03-31 02:44:02,12144000,1617151442,1845.77
2021-03-31 06:36:33,12145000,1617165393,1842.48
2021-03-31 10:17:15,12146000,1617178635,1833.11376859
2021-03-31 14:02:02,12147000,1617192122,1808.2860007600002
2021-03-31 17:49:15,12148000,1617205755,1814.5700000000002
2021-03-31 21:20:16,12149000,1617218416,1852.0752711100004
2021-04-01 00:58:14,12150000,1617231494,1919.7756452
2021-04-01 04:41:32,12151000,1617244892,1927.6126275200002
2021-04-01 08:29:52,12152000,1617258592,1914.7803528000002
2021-04-01 12:11:30,12153000,1617271890,1944.4500171500001
2021-04-01 15:58:07,12154000,1617285487,1923.2462601100003
2021-04-01 19:41:54,12155000,1617298914,1928.96
2021-04-01 23:16:53,12156000,1617311813,1976.29
2021-04-02 02:54:22,12157000,1617324862,1964.5068266900003
2021-04-02 06:37:11,12158000,1617338231,1999.4233188300002
2021-04-02 10:24:02,12159000,1617351842,1991.7665744600001
2021-04-02 14:13:12,12160000,1617365592,1994.0676218300002
2021-04-02 17:57:02,12161000,1617379022,2001.84270611
2021-04-02 21:28:05,12162000,1617391685,2050.6235481100002
2021-04-03 01:06:40,12163000,1617404800,2072.7137754600003
2021-04-03 04:48:14,12164000,1617418094,2132.76862217
2021-04-03 08:25:06,12165000,1617431106,2099.25
2021-04-03 12:15:30,12166000,1617444930,2114.7670174200002
2021-04-03 15:59:30,12167000,1617458370,2099.75
2021-04-03 19:37:41,12168000,1617471461,2085.54
2021-04-03 23:21:52,12169000,1617484912,2076.93349158
2021-04-04 02:54:39,12170000,1617497679,2032.5089704600002
2021-04-04 06:41:30,12171000,1617511290,2021.16949013
2021-04-04 10:16:32,12172000,1617524192,2015.9500000000003
2021-04-04 14:07:36,12173000,1617538056,2046.0352508400001
2021-04-04 17:40:18,12174000,1617550818,2082.4500000000003
2021-04-04 21:15:00,12175000,1617563700,2079.70104933
2021-04-05 00:53:48,12176000,1617576828,2064.0839684700004
2021-04-05 04:32:25,12177000,1617589945,2071.6400000000003
2021-04-05 08:22:37,12178000,1617603757,2031.1200000000001
2021-04-05 11:58:23,12179000,1617616703,2021.94
2021-04-05 15:42:31,12180000,1617630151,2054.52
2021-04-05 19:27:27,12181000,1617643647,2110.53960456
2021-04-05 23:08:04,12182000,1617656884,2099.42
2021-04-06 02:44:57,12183000,1617669897,2109.86
2021-04-06 06:34:41,12184000,1617683681,2125.09
2021-04-06 10:18:17,12185000,1617697097,2127.46
2021-04-06 13:53:27,12186000,1617710007,2111.9300000000003
2021-04-06 17:32:53,12187000,1617723173,2114.7400000000002
2021-04-06 21:09:45,12188000,1617736185,2107.5800000000004
2021-04-07 00:53:11,12189000,1617749591,2118.44829629
2021-04-07 04:31:54,12190000,1617762714,2116.2354503300003
2021-04-07 08:09:13,12191000,1617775753,2103.62679863
2021-04-07 11:57:55,12192000,1617789475,2073.4537231800005
2021-04-07 15:39:58,12193000,1617802798,1976.65511869
2021-04-07 19:22:55,12194000,1617816175,1984.1200000000001
2021-04-07 22:58:38,12195000,1617829118,1972.8279494600001
2021-04-08 02:36:45,12196000,1617842205,2007.39946883
2021-04-08 06:24:25,12197000,1617855865,1994.4115131500002
2021-04-08 10:10:09,12198000,1617869409,2011.9296435
2021-04-08 13:57:23,12199000,1617883043,2017.3600000000001
2021-04-08 17:32:41,12200000,1617895961,2032.3928152
2021-04-08 21:14:59,12201000,1617909299,2067.44717509
2021-04-09 00:56:18,12202000,1617922578,2062.48
2021-04-09 04:37:09,12203000,1617935829,2094.4100000000003
2021-04-09 08:22:27,12204000,1617949347,2076.15
2021-04-09 12:05:16,12205000,1617962716,2067.99747199
2021-04-09 15:53:42,12206000,1617976422,2086.67
2021-04-09 19:29:21,12207000,1617989361,2065.38232836
2021-04-09 23:10:51,12208000,1618002651,2075.56408706
2021-04-10 02:49:33,12209000,1618015773,2068.5478589900003
2021-04-10 06:30:01,12210000,1618029001,2120.93318837
2021-04-10 10:18:29,12211000,1618042709,2169.91344737
2021-04-10 13:54:16,12212000,1618055656,2162.2400000000002
2021-04-10 17:39:03,12213000,1618069143,2144.0369254700004
2021-04-10 21:12:53,12214000,1618081973,2146.1600000000003
2021-04-11 00:52:28,12215000,1618095148,2103.4365229600003
2021-04-11 04:38:05,12216000,1618108685,2138.13343329
2021-04-11 08:27:53,12217000,1618122473,2133.84
2021-04-11 12:09:19,12218000,1618135759,2122.89
2021-04-11 15:52:12,12219000,1618149132,2141.08096443
2021-04-11 19:23:01,12220000,1618161781,2151.84898783
2021-04-11 22:53:08,12221000,1618174388,2146.38
2021-04-12 02:28:46,12222000,1618187326,2137.03
2021-04-12 06:08:28,12223000,1618200508,2151.16572781
2021-04-12 09:53:12,12224000,1618213992,2157.43565647
2021-04-12 13:30:09,12225000,1618227009,2183.69
2021-04-12 17:17:59,12226000,1618240679,2154.89
2021-04-12 20:59:35,12227000,1618253975,2123.43591542
2021-04-13 00:32:28,12228000,1618266748,2149.2775674600002
2021-04-13 04:17:48,12229000,1618280268,2154.5444837200002
2021-04-13 08:00:15,12230000,1618293615,2164.28
2021-04-13 11:44:38,12231000,1618307078,2177.36302368
2021-04-13 15:25:08,12232000,1618320308,2209.42699518
2021-04-13 19:08:58,12233000,1618333738,2239.82891467
2021-04-13 22:50:15,12234000,1618347015,2280.0065267000004
2021-04-14 02:33:29,12235000,1618360409,2276.41031449
2021-04-14 06:15:04,12236000,1618373704,2293.3014722700004
2021-04-14 09:56:39,12237000,1618386999,2369.03
2021-04-14 13:43:32,12238000,1618400612,2330.8065861
2021-04-14 17:27:11,12239000,1618414031,2381.85
2021-04-14 21:08:45,12240000,1618427325,2377.8108319300004
2021-04-15 00:50:29,12241000,1618440629,2343.15
2021-04-15 04:38:00,12242000,1618454280,2431.06396579
2021-04-15 08:21:09,12243000,1618467669,2471.543796
2021-04-15 12:07:03,12244000,1618481223,2470.27
2021-04-15 15:46:30,12245000,1618494390,2421.84255027
2021-04-15 19:25:47,12246000,1618507547,2463.6334573100003
2021-04-15 23:01:44,12247000,1618520504,2457.1372603000004
2021-04-16 02:43:22,12248000,1618533802,2532.55820535
2021-04-16 06:31:56,12249000,1618547516,2515.8722423000004
2021-04-16 10:36:02,12250000,1618562162,2414.8884265700003
2021-04-16 14:06:13,12251000,1618574773,2408.66652712
2021-04-16 17:55:42,12252000,1618588542,2357.7500000000005
2021-04-16 21:26:10,12253000,1618601170,2432.03478091
2021-04-17 01:04:24,12254000,1618614264,2459.01225908
2021-04-17 04:46:31,12255000,1618627591,2474.43715516
2021-04-17 08:33:54,12256000,1618641234,2480.93653111
2021-04-17 12:13:07,12257000,1618654387,2468.2277766400002
2021-04-17 15:51:19,12258000,1618667479,2414.73
2021-04-17 19:40:26,12259000,1618681226,2349.58227759
2021-04-17 23:22:22,12260000,1618694542,2378.6900000000005
2021-04-18 03:02:49,12261000,1618707769,2385.9700000000003
2021-04-18 06:33:56,12262000,1618720436,2214.3900000000003
2021-04-18 10:22:40,12263000,1618734160,2209.0698576500004
2021-04-18 14:10:40,12264000,1618747840,2119.7400000000002
2021-04-18 17:54:40,12265000,1618761280,2121.9494242200003
2021-04-18 21:29:36,12266000,1618774176,2146.82
2021-04-19 01:10:56,12267000,1618787456,2224.54954799
2021-04-19 05:04:42,12268000,1618801482,2258.7296463400003
2021-04-19 08:50:56,12269000,1618815056,2266.7400000000002
2021-04-19 12:37:43,12270000,1618828663,2251.1600000000003
2021-04-19 16:18:38,12271000,1618841918,2233.33083136
2021-04-19 20:07:31,12272000,1618855651,2135.4333850700004
2021-04-19 23:45:13,12273000,1618868713,2188.6101504000003
2021-04-20 03:25:21,12274000,1618881921,2156.0203879200003
2021-04-20 06:58:43,12275000,1618894723,2095.21
2021-04-20 10:45:17,12276000,1618908317,2069.85
2021-04-20 14:25:43,12277000,1618921543,2184.44498589
2021-04-20 18:03:09,12278000,1618934589,2224.61
2021-04-20 21:40:42,12279000,1618947642,2282.72686648
2021-04-21 01:13:44,12280000,1618960424,2339.61
2021-04-21 05:04:30,12281000,1618974270,2299.21472643
2021-04-21 08:34:43,12282000,1618986883,2297.5422380500004
2021-04-21 12:20:59,12283000,1619000459,2301.03
2021-04-21 16:05:25,12284000,1619013925,2267.77522102
2021-04-21 19:52:20,12285000,1619027540,2450.53
2021-04-21 23:32:42,12286000,1619040762,2424.71196282
2021-04-22 03:02:40,12287000,1619053360,2375.47619657
2021-04-22 06:59:12,12288000,1619067552,2414.55034866
2021-04-22 10:45:42,12289000,1619081142,2478.9833746200006
2021-04-22 14:29:45,12290000,1619094585,2522.31841278
2021-04-22 17:57:09,12291000,1619107029,2559.02671027
2021-04-22 21:52:25,12292000,1619121145,2534.32
2021-04-23 01:29:22,12293000,1619134162,2436.5215456900005
2021-04-23 05:17:00,12294000,1619147820,2252.6000000000004
2021-04-23 08:58:36,12295000,1619161116,2217.9500000000003
2021-04-23 12:46:35,12296000,1619174795,2210.7000000000003
2021-04-23 16:33:41,12297000,1619188421,2246.92
2021-04-23 20:02:44,12298000,1619200964,2331.59
2021-04-23 23:47:36,12299000,1619214456,2368.79299632
2021-04-24 03:36:34,12300000,1619228194,2351.45948521
2021-04-24 07:18:39,12301000,1619241519,2289.53317228
2021-04-24 11:00:59,12302000,1619254859,2283.9418814600003
2021-04-24 14:44:08,12303000,1619268248,2193.8980134400003
2021-04-24 18:27:14,12304000,1619281634,2194.80052518
2021-04-24 22:06:21,12305000,1619294781,2251.25
2021-04-25 01:41:02,12306000,1619307662,2291.8147393100003
2021-04-25 05:34:51,12307000,1619321691,2245.3900000000003
2021-04-25 09:10:13,12308000,1619334613,2204.48877521
2021-04-25 12:45:21,12309000,1619347521,2234.7286967200002
2021-04-25 16:31:01,12310000,1619361061,2318.9900000000002
2021-04-25 20:10:10,12311000,1619374210,2343.26159055
2021-04-25 23:57:17,12312000,1619387837,2282.8005024900003
2021-04-26 03:34:35,12313000,1619400875,2316.0168764600003
2021-04-26 07:18:08,12314000,1619414288,2448.9700000000003
2021-04-26 11:07:13,12315000,1619428033,2466.21005905
2021-04-26 14:47:10,12316000,1619441230,2496.3437085200003
2021-04-26 18:16:14,12317000,1619453774,2495.9563117899997
2021-04-26 21:57:27,12318000,1619467047,2508.0383617700004
2021-04-27 01:43:51,12319000,1619480631,2483.6500000000005
2021-04-27 05:37:46,12320000,1619494666,2526.66298535
2021-04-27 09:25:15,12321000,1619508315,2543.9087538400004
2021-04-27 13:00:44,12322000,1619521244,2544.4100000000003
2021-04-27 16:37:54,12323000,1619534274,2560.6782193100003
2021-04-27 20:12:38,12324000,1619547158,2658.80259629
2021-04-27 23:52:55,12325000,1619560375,2633.5187805500004
2021-04-28 03:40:17,12326000,1619574017,2665.29387054
2021-04-28 07:22:36,12327000,1619587356,2637.92
2021-04-28 11:05:28,12328000,1619600728,2602.2900000000004
2021-04-28 14:42:10,12329000,1619613730,2644.2607766300002
2021-04-28 18:28:36,12330000,1619627316,2700.20481018
2021-04-28 22:08:02,12331000,1619640482,2714.6763866300003
2021-04-29 01:57:50,12332000,1619654270,2748.8266763300003
2021-04-29 05:39:08,12333000,1619667548,2723.11995664
2021-04-29 09:22:31,12334000,1619680951,2717.4870270900005
2021-04-29 13:07:57,12335000,1619694477,2720.2422022600003
2021-04-29 16:48:23,12336000,1619707703,2782.4949297
2021-04-29 20:33:18,12337000,1619721198,2729.23810685
2021-04-30 00:07:15,12338000,1619734035,2712.91
2021-04-30 03:54:02,12339000,1619747642,2760.1847570500004
2021-04-30 07:34:05,12340000,1619760845,2743.8310229500003
2021-04-30 11:19:51,12341000,1619774391,2776.26
2021-04-30 15:08:33,12342000,1619788113,2755.29
2021-04-30 18:49:54,12343000,1619801394,2749.84836768
2021-04-30 22:38:45,12344000,1619815125,2770.37267516
2021-05-01 02:11:44,12345000,1619827904,2745.7245745200003
2021-05-01 05:56:09,12346000,1619841369,2823.73903418
2021-05-01 09:40:18,12347000,1619854818,2852.9300000000003
2021-05-01 13:26:13,12348000,1619868373,2831.78485448
2021-05-01 17:05:25,12349000,1619881525,2876.05399187
2021-05-01 20:40:05,12350000,1619894405,2911.2500000000005
2021-05-02 00:16:21,12351000,1619907381,2948.6961967300003
2021-05-02 04:07:45,12352000,1619921265,2946.7592111400004
2021-05-02 07:52:16,12353000,1619934736,2891.9000000000005
2021-05-02 11:40:07,12354000,1619948407,2895.4900000000002
2021-05-02 15:18:39,12355000,1619961519,2922.6698802100004
2021-05-02 19:06:55,12356000,1619975215,2922.6
2021-05-02 22:46:24,12357000,1619988384,2961.4100000000003
2021-05-03 02:32:46,12358000,1620001966,2946.5863288600003
2021-05-03 06:15:22,12359000,1620015322,3033.02707145
2021-05-03 10:00:37,12360000,1620028837,3098.3700000000003
2021-05-03 13:36:38,12361000,1620041798,3177.7899991100003
2021-05-03 17:16:13,12362000,1620054973,3111.71459979
2021-05-03 20:58:05,12363000,1620068285,3257.5700000000006
2021-05-04 00:42:03,12364000,1620081723,3296.7400000000002
2021-05-04 04:14:43,12365000,1620094483,3283.3341892300004
2021-05-04 07:54:02,12366000,1620107642,3258.9438497900005
2021-05-04 11:37:44,12367000,1620121064,3323.02622766
2021-05-04 15:22:27,12368000,1620134547,3457.4316947600005
2021-05-04 19:04:24,12369000,1620147864,3362.04828512
2021-05-04 22:45:41,12370000,1620161141,3370.44472395
2021-05-05 02:31:09,12371000,1620174669,3301.8100000000004
2021-05-05 06:07:53,12372000,1620187673,3367.92737535
2021-05-05 09:53:16,12373000,1620201196,3268.4469147000004
2021-05-05 13:40:37,12374000,1620214837,3389.9692055800006
2021-05-05 17:25:09,12375000,1620228309,3355.8206704300005
2021-05-05 21:02:12,12376000,1620241332,3438.9866723400005
2021-05-06 00:36:26,12377000,1620254186,3466.4700000000003
2021-05-06 04:17:35,12378000,1620267455,3463.52605884
2021-05-06 07:50:46,12379000,1620280246,3489.1675655400004
